year,month,rainfall_mm,discharge_mean_m3s
2001,1,6.6960006,420.19001967741934
2001,2,17.92,431.72712035714284
2001,3,18.600002,451.17237903225805
2001,4,104.1,434.871875
2001,5,241.118,851.7137129032259
2001,6,309.66003,1826.33853
2001,7,265.05005,2994.2318580645165
2001,8,410.502,3853.4491032258065
2001,9,386.04,3208.06979
2001,10,316.138,2017.7421967741934
2001,11,17.880003,803.02916
2001,12,1.116,448.4589209677419
2002,1,45.384,347.60685451612903
2002,2,8.792001,426.72823714285715
2002,3,36.022003,453.06854838709677
2002,4,96.06,547.175
2002,5,182.218,1142.3155274193548
2002,6,259.5,1973.35468
2002,7,750.882,5492.816516129033
2002,8,289.60202,4547.020661290323
2002,9,177.12001,2643.9200533333333
2002,10,50.530003,1605.6580000000001
2002,11,2.0400002,728.644267
2002,12,1.3640001,454.064515483871
2003,1,25.42,387.76058451612903
2003,2,47.04,473.3962067857143
2003,3,57.908,596.5287306451613
2003,4,127.799995,639.1322916666667
2003,5,110.236,831.7116919354839
2003,6,423.84006,1937.77136
2003,7,610.08,5102.607364516129
2003,8,276.396,4438.5453677419355
2003,9,267.72,3281.87005
2003,10,116.12601,2088.1186870967745
2003,11,2.0400002,1053.864845
2003,12,24.428003,557.9128022580645
2004,1,29.140003,383.4506051612903
2004,2,4.6400003,408.8033403448276
2004,3,18.165998,569.6391129032259
2004,4,137.1,705.921875
2004,5,185.62802,1131.8195516129033
2004,6,314.88004,2270.3630266666664
2004,7,682.43414,5692.542322580645
2004,8,256.18402,3975.101812903226
2004,9,297.36002,2956.4151100000004
2004,10,88.784,1870.9125516129034
2004,11,9.0,816.7166643333333
2004,12,1.116,473.8659248387097
2005,1,31.062002,450.029234516129
2005,2,10.472001,503.56640607142856
2005,3,46.252003,473.7711693548387
2005,4,63.180008,495.18854166666665
2005,5,117.799995,682.8729838709677
2005,6,248.22002,1678.783335
2005,7,300.08002,3831.0045387096775
2005,8,502.448,4431.173406451613
2005,9,130.86002,2632.9247266666666
2005,10,69.254005,1426.175143548387
2005,11,2.16,668.3260406666667
2005,12,0.80600005,435.6285277419355
2006,1,0.9920001,346.313004516129
2006,2,3.0240002,358.109375
2006,3,21.638,471.7570564516129
2006,4,83.82,454.990625
2006,5,159.712,685.865929032258
2006,6,242.81999,2467.09322
2006,7,298.778,4131.350812903225
2006,8,208.13402,2849.958919354839
2006,9,327.78003,3078.92969
2006,10,87.605995,1771.3974322580643
2006,11,7.140001,740.9570306666667
2006,12,6.634001,524.638105483871
2007,1,1.488,410.3649196774193
2007,2,82.992004,529.5334814285715
2007,3,21.204002,606.811493548387
2007,4,86.46,548.7864583333334
2007,5,153.82199,768.2973806451613
2007,6,293.58002,1598.1453049999998
2007,7,506.22998,4812.858358064516
2007,8,376.898,5746.122712903226
2007,9,367.56,4459.82031
2007,10,55.49,2214.5151161290323
2007,11,10.680001,978.4132813333333
2007,12,1.2400001,475.1199619354839
2008,1,11.222001,390.0700603225807
2008,2,5.3940005,412.6939655172414
2008,3,49.662,504.8215725806452
2008,4,64.26,517.2208333333333
2008,5,145.142,749.6713725806451
2008,6,376.31998,2313.757296666667
2008,7,408.394,5593.433461290322
2008,8,458.18,5337.302941935484
2008,9,197.70003,3299.9627633333334
2008,10,63.364002,1681.893389032258
2008,11,5.700001,679.5817686666667
2008,12,0.744,439.7061496774193
2009,1,2.2319999,438.4909277419355
2009,2,1.0640001,434.34486607142856
2009,3,31.062002,415.0181451612903
2009,4,53.52,495.70625
2009,5,222.332,659.3699629032259
2009,6,243.6,1150.2062466666669
2009,7,346.45605,3780.2237870967742
2009,8,493.33405,5397.692022580645
2009,9,118.50001,3085.336453333333
2009,10,98.270004,2062.959170967742
2009,11,1.8000001,813.2726613333333
2009,12,2.9139998,510.30443451612905
2010,1,2.2319999,379.7883058064516
2010,2,7.6720014,378.27957607142855
2010,3,22.753998,441.539314516129
2010,4,47.999996,451.1322916666667
2010,5,152.08601,687.5201612903226
2010,6,339.90002,1689.7875
2010,7,556.388,5000.021164516129
2010,8,470.64203,5236.56804516129
2010,9,324.48,4692.765626666666
2010,10,69.502,2190.843993548387
2010,11,15.540002,1050.247918
2010,12,0.0,593.7089180645161
2011,1,7.192,422.4561493548387
2011,2,15.288002,437.97098214285717
2011,3,17.236,431.21270161290323
2011,4,103.44,512.7427083333333
2011,5,175.83202,730.3820548387097
2011,6,328.68005,2044.9802000000002
2011,7,495.504,5913.751496774194
2011,8,376.96005,6074.065277419355
2011,9,273.06003,4141.57603
2011,10,27.404001,2367.8790322580644
2011,11,23.280003,1213.7648450000002
2011,12,1.3640001,632.9213741935484
2012,1,12.71,491.44808451612903
2012,2,7.5400004,510.3372844827586
2012,3,12.214002,496.99798387096774
2012,4,111.66,566.4208333333333
2012,5,136.27602,516.8094758064516
2012,6,281.21997,1962.003645
2012,7,355.50803,4792.857361290322
2012,8,266.97202,4364.386596774193
2012,9,237.96,4345.019526666667
2012,10,46.747997,2282.2268096774196
2012,11,1.3800001,835.5374986666667
2012,12,0.86800003,474.04813322580645
2013,1,9.176001,368.99647193548384
2013,2,35.784004,375.99888392857144
2013,3,30.566002,363.98387096774195
2013,4,80.58,370.89375
2013,5,206.08801,812.6219774193548
2013,6,368.40002,2639.2442766666663
2013,7,414.408,5578.961677419355
2013,8,274.22598,4718.3669451612905
2013,9,224.27998,3130.2031333333334
2013,10,142.97202,1999.4705096774194
2013,11,3.0000002,986.5723899999999
2013,12,1.3640001,512.4309474193549
2014,1,2.914,426.52621032258065
2014,2,20.552002,429.6015625
2014,3,21.08,473.27016129032256
2014,4,27.42,445.51979166666666
2014,5,162.13,748.9848822580645
2014,6,291.41998,2225.790613333333
2014,7,270.50598,4497.327106451613
2014,8,405.852,5239.54586451613
2014,9,229.56001,3779.729693333333
2014,10,62.930008,1939.3601322580646
2014,11,2.7,851.7632843333333
2014,12,6.882001,563.9390132258064
2015,1,16.119999,426.838205483871
2015,2,13.776002,376.203125
2015,3,58.342,500.914314516129
2015,4,82.5,653.840625
2015,5,144.584,941.0766096774194
2015,6,243.90002,2179.5979166666666
2015,7,247.752,3603.5635096774195
2015,8,379.68802,4267.909280645162
2015,9,215.46,3619.4960866666665
2015,10,30.938,1706.709429032258
2015,11,5.94,837.6742200000001
2015,12,0.744,566.4589225806452
2016,1,15.251999,428.60635096774195
2016,2,5.626,475.1939675862069
2016,3,43.4,474.08064580645157
2016,4,41.4,507.26666666666665
2016,5,202.864,690.0786274193549
2016,6,385.44,2108.943745
2016,7,483.04202,6348.8296064516135
2016,8,231.88002,4849.238916129032
2016,9,447.18002,4425.606246666666
2016,10,86.8,2579.3664322580644
2016,11,1.2000002,984.4726573333334
2016,12,0.744,454.4606858064516
2017,1,5.1460004,348.7132051612903
2017,2,5.208,401.43080357142856
2017,3,51.522003,522.0877016129032
2017,4,77.880005,813.4458333333333
2017,5,170.56201,941.8034306451614
2017,6,226.26001,1711.6520833333334
2017,7,269.204,5132.016622580645
2017,8,380.61804,6206.327903225807
2017,9,197.28001,3757.2057233333335
2017,10,66.091995,1961.2590741935485
2017,11,4.6200004,824.7671873333333
2017,12,2.17,471.6764119354838
2018,1,2.852,335.32409322580645
2018,2,6.2160006,394.12611607142856
2018,3,24.862001,509.42641129032256
2018,4,100.50002,652.8260416666667
2018,5,134.54001,1052.5443516129033
2018,6,187.02,2265.7729066666666
2018,7,277.946,5407.540332258065
2018,8,215.264,6166.224287096774
2018,9,201.36002,4409.382303333333
2018,10,40.486,2029.0304967741934
2018,11,4.8000007,896.7369803333333
2018,12,7.5020003,510.27116677419355
2019,1,5.2079997,361.81754032258067
2019,2,32.480003,444.82589285714283
2019,3,25.482002,546.1159274193549
2019,4,115.92001,607.5552083333333
2019,5,105.02801,879.9032338709678
2019,6,170.63998,1770.4541783333334
2019,7,532.45605,6304.603848387097
2019,8,212.35002,4854.481338709677
2019,9,330.30002,4021.7565133333333
2019,10,24.985998,2495.4982387096775
2019,11,7.1400003,1016.7921923333334
2019,12,11.842001,589.9737912903225
2020,1,15.686001,494.8573593548387
2020,2,31.552002,502.1745665517241
2020,3,52.7,595.2837703225807
2020,4,99.12,652.578125
2020,5,153.88402,1152.6633048387096
2020,6,442.02002,3080.1791633333332
2020,7,523.77606,7313.3145258064515
2020,8,304.978,6697.009309677419
2020,9,578.4001,4817.469266666667
2020,10,42.222,2760.703616129032
2020,11,4.32,997.8658899999999
2020,12,3.162,546.5624961290322
2021,1,2.976,447.9294358064516
2021,2,9.856,388.05245535714283
2021,3,20.956,483.2258064516129
2021,4,58.920006,496.275
2021,5,277.14,1127.4546370967741
2021,6,264.60004,2681.1286400000004
2021,7,478.764,5893.816512903226
2021,8,411.99,6151.137619354839
2021,9,174.18001,4887.58361
2021,10,240.684,2996.8185451612903
2021,11,5.1000004,1404.236202
2021,12,15.314,639.9148129032258
2022,1,9.61,487.5836674193548
2022,2,32.368004,555.4073682142857
2022,3,21.948002,543.6925403225806
2022,4,77.22,981.7479183333332
2022,5,166.966,1231.9506032258064
2022,6,467.52005,2974.3125033333336
2022,7,296.608,4760.527712903226
2022,8,267.65402,5010.340209677419
2022,9,264.78,3754.3041766666665
2022,10,128.34,2349.197829032258
2022,11,6.72,969.3335853333333
2022,12,2.232,530.2316022580645
2023,1,2.4800003,425.50756161290326
2023,2,9.408001,474.47488785714285
2023,3,55.304,574.609879032258
2023,4,47.82,570.6260416666667
2023,5,139.12799,713.8437516129031
2023,6,297.42004,1996.8296866666667
2023,7,358.732,4377.2464580645155
2023,8,434.55804,5260.951361290323
2023,9,246.72003,3474.1509233333336
2023,10,79.608,2160.5612322580646
2023,11,4.98,856.9470013333333
2023,12,9.919999,479.589215483871
2024,1,3.2240002,371.80141129032256
2024,2,10.614,422.828664137931
2024,3,83.762,498.04687129032254
2024,4,30.060001,533.1479206666667
2024,5,202.12001,595.2086670967741
2024,6,386.45996,2726.1234400000003
2024,7,397.41998,6845.2751806451615
2024,8,315.58002,5638.823074193549
2024,9,405.36002,3765.47136
2024,10,75.95001,3199.2623483870966
2024,11,4.7400002,1205.0957023333333
2024,12,1.9840002,618.9267922580646
2025,1,4.154,431.1570306666666
2025,2,12.656,519.3621685714286
2025,3,23.932001,638.195564516129
2025,4,102.600006,595.0177083333333
2025,5,195.114,1142.1391032258064
2025,6,262.91998,2528.1677
2025,7,274.84604,3488.6547387096775
2025,8,303.73798,4975.958170967741
2025,9,300.84,3990.9440099999997
